Word,Count
日,180
",",158
.,128
月,125
p,120
作品,118
><,114
1,103
こと,98
的,95
3,95
参加,88
/,87
時,85
-,84
the,84
映像,83
年,83
>,82
</,74
者,72
=,67
:,63
午後,63
音,63
8,62
よう,61
2,57
4,56
会場,56
h,56
ICC,55
体験,55
ワークショップ,53
YCAM,52
もの,50
水,49
空間,48
[,48
名,46
変化,45
情報,44
性,43
30,40
メディア,39
山口,39
時間,39
br,39
制作,37
of,37
in,36
a,36
の,35
6,35
],35
by,34
and,33
開催,33
/>,33
分,33
(,31
世界,31
10,31
たち,30
7,30
アーティスト,29
インター,29
ため,29
://,29
匂い,29
中,28
<,28
自分,26
人間,26
音響,26
会,25
可能,25
日時,25
土,25
展示,25
ダンス,24
無料,24
それ,24
センター,24
構成,24
>&,24
evala,24
録音,24
コミュニケーション,23
ご,23
定員,23
再,23
木,22
0,22
12,22
5,22
坂本,22
化,22
nbsp,22
;</,22
映画,21
回,21
入場,21
2007,21
表現,21
人,21
申込,21
_,21
strong,21
Sound,21
お,20
今回,20
対象,20
出典,20
インスタレーション,20
家,20
耳,19
撮影,19
姿,19
特設,19
環境,19
NTT,19
演奏,19
音楽,19
鑑賞,19
プロジェクト,18
研究,18
楽器,18
方,18
コンピュータ,18
芸術,18
舞台,18
鈴木,18
作,18
to,18
階,17
料,17
自身,17
11,17
本,17
com,17
https,17
at,16
アート,16
場合,16
画像,16
講師,16
私,16
D,16
順,16
当日,16
主催,16
right,16
祭,15
The,15
&,15
森,15
ギャラリー,15
新た,15
以上,15
火,15
未来,15
活動,15
方法,15
先着,15
感覚,15
img,15
費,15
en,14
for,14
市,14
カメラ,14
上,14
これ,14
20,14
展覧,14
00,14
観客,14
サウンド,14
www,14
地球,14
ドライブ,14
div,14
on,13
作家,13
目,13
室,13
),13
光,13
自然,13
後,13
必要,13
募集,13
期間,13
さまざま,13
紹介,13
内,13
終了,13
円,13
is,13
テーマ,13
Japan,13
Art,13
Recording,13
Programming,13
″,13
LIFE,12
トーク,12
調査,12
フェイス,12
イベント,12
現在,12
http,12
19,12
金,12
15,12
人工,12
自由,12
大学,12
場所,12
形,12
A,12
出演,12
色,12
###,12
枚,12
社会,11
技術,11
#,11
二,11
ツアー,11
抽選,11
前,11
場,11
さ,11
プログラム,11
科学,11
シリーズ,11
src,11
art,11
site,11
受付,11
"""@",10
"／""",10
ガソリン,10
plaything,10
要素,10
—,10
身体,10
上映,10
文化,10
応募,10
高谷,10
現象,10
実施,10
18,10
',10
演劇,10
視点,10
ログズギャラリー,10
大阪,10
images,10
from,10
動き,10
ひとつ,10
昭男,10
自作,10
京,10
共,9
ミュージック,9
クルージング,9
Filament,9
機械,9
2016,9
公演,9
2018,9
water,9
一,9
パフォーマンス,9
制,9
*,9
生活,9
発表,9
26,9
京都,9
東京,9
公開,9
大学院,9
ダンサー,9
振付,9
as,9
完全,9
=/,9
docs,9
alt,9
チケット,9
](,9
画面,9
ピアノ,9
fluid,8
invisible,8
inaudible,8
シンポジウム,8
意味,8
マシュマロ,8
モニター,8
村,8
投影,8
体,8
空気,8
相互,8
開始,8
企画,8
jp,8
16,8
17,8
media,8
龍一,8
史郎,8
21,8
実験,8
言葉,8
システム,8
組,8
23,8
対話,8
教授,8
事前,8
作曲,8
イギリス,8
be,8
></,8
class,8
with,8
多数,8
width,8
height,8
解説,8
運動,8
デバイス,8
立体,8
曲,8
小学生,8
変形,8
ヴィデオ・カメラ,8
souq,8
shop,8
g,8
gMfunakoshi,8
オープン,7
measure,7
型,7
Workshop,7
スタッフ,7
鋳銭司,7
地区,7
詳細,7
Yamaguchi,7
視覚,7
周囲,7
特殊,7
スクリーン,7
中心,7
風景,7
ご覧,7
様々,7
代表,7
存在,7
インターネット,7
グループ,7
活躍,7
それぞれ,7
設置,7
ランダム,7
他,7
数,7
それら,7
使用,7
創造,7
魅力,7
生,7
work,7
閉鎖,7
演出,7
共同,7
そこ,7
動物,7
県,7
搭乗,7
rogues,7
/></,7
Gallery,7
保護,7
行為,7
that,7
種類,7
ゲスト,7
ネットワーク,7
府,7
丹後,7
フィールド,7
All,7
Composition,7
000,7
forest,7
オブジェ,7
各回,7
Media,6
!,6
創,6
Political,6
Mother,6
scopic,6
great,6
observers,6
rest,6
都市,6
イヴェント,6
報告,6
DESIGNEAST,6
06,6
スペース,6
出品,6
ライヴ,6
ー,6
ディスカッション,6
リアルタイム,6
around,6
船越,6
呈示,6
小型,6
水平,6
度,6
表示,6
設計,6
移動,6
装置,6
作用,6
一部,6
年生,6
9,6
イメージ,6
日常,6
市民,6
経験,6
誰,6
スタジオ,6
祝,6
各日,6
27,6
our,6
-->,6
コラボレーション,6
メンバー,6
新作,6
状,6
複数,6
締切,6
国際,6
2003,6
300,6
学,6
重要,6
席,6
日本,6
登場,6
特徴,6
観,6
劇,6
海,6
ルート,6
街,6
景色,6
車,6
聴覚,6
大,6
Osaka,6
Tokyo,6
/><,6
来場,6
道,6
ヴィデオ,6
gifclass,6
border,6
巨大,6
波,6
データ,6
リンク,6
時代,6
waves,6
information,6
are,6
an,6
05,6
花,6
点,6
グラス,6
ハー,6
モニカ,6
フォン,6
素材,6
ch,6
Otocyon,6
Megalotis,6
フォーカス,6
20137,6
Performance,6
SUZUKI,6
Akio,6
2013,6
Recomposition,6
位置,6
見学,6
印象,6
物語,6
async,6
/)-,6
カポエィラ,5
Life,5
On,5
Planet,5
DriftNet,5
vol,5
交流,5
In,5
展,5
キッズ・プログラム,5
アニメーション,5
素,5
+,5
学び,5
デザイン,5
名前,5
町,5
find,5
my,5
vein,5
ヘッド,5
装着,5
Ensphered,5
Vision,5
観察,5
鏡,5
凸面鏡,5
希望,5
2006,5
これら,5
meet,5
artist,5
手,5
テレビ,5
ほか,5
未,5
29,5
監督,5
近代,5
水槽,5
通常,5
人々,5
知覚,5
株式会社,5
エン,5
トランス,5
ロビー,5
IAMAS,5
アーカイヴ,5
独自,5
25,5
協力,5
茂,5
コンテンツ,5
開発,5
ホフェッシュ・シェクター,5
創作,5
紙,5
ホフェッシュ,5
記憶,5
鼓動,5
現代,5
豊か,5
現実,5
実在,5
挑戦,5
仮想,5
太陽,5
もと,5
分野,5
専門,5
高,5
周り,5
ラウンジ,5
Photo,5
Rogues,5
)<,5
Arts,5
ART,5
同伴,5
スポット,5
軌跡,5
04,5
B,5
earth,5
香水,5
秒,5
描画,5
ヌーヴェル・ヴァーグ,5
Okeanos,5
物理,5
想像,5
おと,5
市内,5
リスニング,5
マイクロ,5
以内,5
水野,5
22,5
2009,5
Our,4
ライヴ・イヴェント,4
Lib,4
LIVE,4
学生,4
サロン,4
センサ,4
Time,4
話,4
キツネ,4
新,4
関連,4
XO,4
2015,4
絵描き,4
Emotional,4
Tree,4
集落,4
s,4
ドキュメンテーション,4
ふしぎ,4
state,4
sound,4
雅代,4
水脈,4
視野,4
飛行船,4
実現,4
球面,4
すべて,4
０,4
記録,4
機能,4
大気,4
興味,4
発達,4
仮設,4
カフェ,4
<!--,4
長期,4
14,4
三,4
一般,4
全身,4
...》,4
評価,4
国内外,4
初演,4
オペラ,4
，,4
超,4
音波,4
出力,4
佐藤,4
阿部,4
関係,4
反映,4
価値,4
org,4
F,4
武蔵野美術大学,4
多摩美術大学,4
藝,4
術,4
利用,4
いくつ,4
研究所,4
科,4
Flash,4
知識,4
シーン,4
Rooms,4
劇場,4
興奮,4
注目,4
最新,4
感情,4
集合,4
近,4
断片,4
フィクション,4
植物,4
ここ,4
搭載,4
1994,4
ぶり,4
変換,4
)〜,4
)</,4
pg,4
href,4
target,4
=_,4
blank,4
Gasoline,4
Music,4
Cruising,4
City,4
予定,4
お知らせ,4
）—,4
平川,4
さん,4
driftnet,4
Hiroki,4
Obara,4
ウェブサイト,4
宇宙,4
地動説,4
hirakawa,4
.<,4
virtual,4
space,4
will,4
?,4
He,4
拡張,4
測定,4
100,4
短編,4
力,4
ゴダール,4
ジャン,4
具,4
モバイル,4
ひな,4
屋外,4
無,4
響,4
残響,4
暗転,4
任意,4
選択,4
2014,4
食,4
day,4
iframe,4
video,4
DNA,4
Forest,4
England,4
苅宿,4
俊文,4
上田,4
信行,4
外部,4
ギザギザ,4
線,4
分断,4
効果,4
その間,4
インタラクティヴ・アート,4
anechoic,4
room,4
券,4
24,4
千,4
低,4
学年,4
複雑,4
所要,4
配置,4
写真,4
2008,4
機構,4
准,4
小学,4
響き,4
主宰,4
Farmoon,4
/](,4
ことば,4
インタラクティヴ,3
lounge,3
Machine,3
hanahana,3
磯崎,3
プレゼンテーション,3
セッション,3
Interaction,3
仕組み,3
エキソニモ,3
艘,3
洋行,3
掲示板,3
2012,3
お父さん,3
恋,3
Family,3
Tale,3
和,3
西,3
指,3
渡邊,3
何,3
nput,3
utput,3
Kit,3
選考,3
テクノロジー,3
わる,3
らい,3
カタチ,3
IS,3
YOUR,3
TIME,3
plants,3
DANCE,3
MIX,3
広,3
直接,3
ドームスクリーン,3
状況,3
方式,3
領域,3
ディスプレイ,3
実写,3
全,3
下,3
流れ,3
実感,3
認識,3
柔軟,3
目的,3
先生,3
招き,3
その後,3
初心者,3
小学校,3
女性,3
道具,3
発想,3
瞬間,3
処理,3
過程,3
変容,3
2010,3
実践,3
年齢,3
ジャンル,3
向け,3
作り,3
転換,3
多様,3
形態,3
運営,3
展開,3
サイト,3
13,3
機会,3
流動,3
拠点,3
世紀,3
リニア,3
自ら,3
霧,3
全体,3
プログラミング,3
可視,3
間,3
直,3
NY,3
委員,3
gumonji,3
同士,3
PICSY,3
チーム,3
net,3
東京造形大学,3
コンセプト,3
アプローチ,3
閲覧,3
アカデミー,3
200,3
清水,3
員,3
1000,3
例,3
Your,3
今世紀,3
以降,3
パーカッション,3
総勢,3
ユニゾン,3
様,3
以来,3
近年,3
初,3
リズム,3
体感,3
彼,3
感,3
刺激,3
since,3
シークエンス,3
次,3
温暖,3
放射能,3
汚染,3
文明,3
戯曲,3
テキスト,3
家族,3
ならでは,3
軸,3
ヒト,3
ドラマ,3
従来,3
ライブ,3
強調,3
鮮やか,3
年間,3
復活,3
シトロエン,3
XM,3
X,3
リアル,3
94,3
美術館,3
動,3
about,3
)　,3
theatre,3
web,3
jpgclass,3
portrait,3
)-,3
th,3
Presented,3
participants,3
Garden,3
Museum,3
body,3
2002,3
Busan,3
New,3
02,3
うち,3
財団,3
span,3
紀,3
生成,3
特定,3
ネット,3
古代,3
天動説,3
Norimichi,3
Hirakawa,3
等,3
data,3
based,3
experience,3
.</,3
or,3
This,3
heliocentric,3
system,3
world,3
such,3
JP,3
have,3
artists,3
香,3
壁,3
葉っぱ,3
花瓶,3
共有,3
批評,3
トリュフォー,3
手法,3
リュック,3
公式,3
デジタル,3
海流,3
Buoys,3
電子,3
アナラポス,3
クギウチ,3
クイーカ・カスタム,3
数々,3
網野,3
現,3
選定,3
最,3
新鋭,3
擬似,3
イリュージョン,3
題名,3
オオミミギツネ,3
アフリカ,3
生息,3
獲物,3
居場所,3
正確,3
極端,3
夜行,3
哺乳,3
由来,3
曲目,3
Reflection,3
丹,3
47,3
Chafe,3
摩擦,3
マクロ,3
20145,3
55,3
Kugiuchi,3
Water,3
Bottle,3
流木,3
釘,3
Glass,3
Harmonica,3
20146,3
港,3
就学,3
要,3
vimeo,3
各地,3
Marshmallow,3
Laser,3
Feast,3
being,3
Producer,3
大木,3
友梨,3
子,3
層,3
構造,3
レコード,3
勝仁,3
方向,3
結果,3
中谷,3
イルミネーション,3
クリスマス,3
そう,3
どこ,3
午前,3
千年,3
touch,3
命,3
意識,3
さわり,3
心地,3
2017,3
加藤,3
Girls,2
Home,2
"""",2
Film,2
Festival,2
PICSY×gumonji,2
♯,2
001,2
GAINER,2
WORKSHOP,2
I,2
O,2
モジュール,2
performance,2
ブイ,2
六,2
連携,2
Eyes,2
Installation,2
座談,2
まち,2
Muse,2
屋,2
垂れ,2
detailed,2
investigations,2
Wanishi,2
Suzenji,2
district,2
工作,2
明治大学,2
恵太,2
キット,2
Dance,2
プレイフル・サロン,2
タッチ・ザ・サウンド・ピクニック,2
Sensory,2
Internal,2
Clock,2
中園,2
ミート,2
アップ,2
混舞,2
取得,2
平面,2
組み合わせ,2
プロジェクタ,2
拡散,2
採用,2
２,2
垂直,2
不可能,2
非常,2
部屋,2
台,2
フローティングアイ,2
地上,2
送信,2
上空,2
風,2
用意,2
南城,2
充,2
最初,2
当選,2
化粧,2
気配,2
お茶の水女子大学,2
具体,2
自体,2
藤井,2
研修,2
プライベート,2
パブリック,2
集大成,2
プロ,2
--,2
出版,2
今年,2
コラボレーター,2
特別,2
coom,2
確認,2
施設,2
協,2
働,2
出会い,2
音楽家,2
ダム,2
タイプ,2
創出,2
タイトル,2
末,2
内部,2
四方,2
個,2
発生,2
透過,2
流動的,2
パターン,2
ファイル,2
設定,2
28,2
同,2
ycam,2
矢,2
健,2
真,2
テクニカル,2
聡,2
伊藤,2
経済,2
作業,2
交換,2
一緒,2
2005,2
）*,2
pico,2
教育,2
彼ら,2
CD,2
準備,2
県立,2
淳,2
渡邉,2
朋,2
也,2
監修,2
発展,2
原理,2
哲学,2
事例,2
応用,2
大学生,2
以下,2
社,2
先端,2
早稲田大学,2
工学,2
久美子,2
小林,2
増田,2
一太郎,2
ソース,2
予約,2
パソコン,2
基本,2
ActionScript,2
屈指,2
カンパニー,2
ドラマー,2
多彩,2
才能,2
先導,2
出世,2
オブザーバー,2
最大,2
賛辞,2
ヶ月,2
1500,2
完売,2
脚光,2
エキサイティング,2
上演,2
ミュージシャン,2
ギター,2
迫力,2
テンション,2
群舞,2
パフォーミングアーツ,2
扉,2
招聘,2
今年度,2
圧倒的,2
際,2
増幅,2
付,2
created,2
洪水,2
支配,2
曖昧,2
違い,2
題材,2
既成,2
不完全,2
キャスト,2
隔絶,2
モチーフ,2
国内,2
アイデア,2
なか,2
ミニ,2
境界,2
交錯,2
初美,2
光景,2
核,2
わたし,2
在り方,2
ベース,2
大谷,2
かたち,2
自動車,2
走行,2
はず,2
車窓,2
エフェクト,2
ウィンカー,2
ドライブー,2
車内,2
伝説,2
サンプリング,2
95,2
県内,2
弾,2
ul,2
li,2
以外,2
館,2
)、「,2
98,2
中央,2
記念,2
多く,2
駆使,2
ラインナップ,2
俳優,2
熱気,2
息づかい,2
)」=[,2
待合室,2
休憩,2
社交,2
roguesgallery,2
Date,2
Venue,2
born,2
"),",2
>(,2
1995,2
1998,2
/>(,2
over,2
times,2
Street,2
Complex,2
performances,2
Contemporary,2
Center,2
1996,2
"],",2
Project,2
1997,2
Fukui,2
Biennale,2
Human,2
CITY,2
MUSEUM,2
2001,2
OF,2
London,2
Foundation,2
AWARD,2
prize,2
official,2
only,2
t,2
12007,2
デモンストレーション,2
決定,2
中学生,2
ログズギャラリーコーナー,2
ポイント,2
参考,2
オリジナル,2
個人,2
振興,2
!》,2
操作,2
そのもの,2
思い,2
不思議,2
追求,2
インタラクティブ,2
GLOBAL,2
BEARING,2
好評,2
条件,2
本来,2
ブラウザ,2
数値,2
公転,2
変更,2
profile,2
norimichi,2
OPEN,2
SPACE,2
Invisible,2
counteraktiv,2
スコピック・メジャー,2
期待,2
若手,2
>*,2
顕微鏡,2
emsp,2
;,2
series,2
July,2
Studio,2
computer,2
If,2
we,2
generated,2
become,2
browser,2
which,2
called,2
Internet,2
act,2
via,2
into,2
actually,2
move,2
your,2
can,2
feeling,2
sun,2
theory,2
geocentric,2
between,2
but,2
At,2
its,2
axis,2
revolution,2
image,2
Design,2
Tama,2
University,2
works,2
set,2
know,2
how,2
use,2
）<,2
scenes,2
Works,2
who,2
microscope,2
Produced,2
31,2
project,2
精神,2
性質,2
未知,2
限定,2
器官,2
とらえどころ,2
分類,2
香り,2
日本語,2
濃度,2
机,2
茎,2
シルエット,2
強弱,2
識別,2
物質,2
400,2
入力,2
資料,2
感想,2
形式,2
内容,2
年代,2
フランス,2
伝統,2
フランソワ,2
ふたり,2
背景,2
ギリシア,2
神話,2
水面,2
固定,2
標識,2
観測,2
ノード,2
暗闇,2
系,2
世界中,2
インストール,2
問題,2
理由,2
億,2
湖水,2
柄,2
designeast,2
peatix,2
タイム,2
テーブル,2
動向,2
解散,2
散策,2
秋穂,2
門司,2
大正,2
食事,2
player,2
176836010,2
title,2
byline,2
576,2
324,2
frameborder,2
webkitallowfullscreen,2
mozallowfullscreen,2
allowfullscreen,2
Frontier,2
ヘッドマウントディスプレイ,2
身,2
生きもの,2
ド,2
ローン,2
CT,2
バーチャル,2
野外,2
out,2
takes,2
place,2
various,2
headset,2
actual,2
woods,2
than,2
Grizedale,2
sensation,2
outdoor,2
tour,2
Bio,2
Research,2
Direction,2
Ersin,2
Designer,2
Tour,2
Abandon,2
Normal,2
Devices,2
Forestry,2
Commission,2
.@,2
心,2
岩井,2
俊雄,2
外延,2
形成,2
毎日,2
理解,2
Web,2
w,2
アナログ,2
状態,2
即興,2
再生,2
前売,2
販売,2
45,2
ナチュラル,2
プロセス,2
本展,2
生き物,2
プライヴェート,2
次元,2
コンポジション,2
喚起,2
デヴァイス,2
インタラクション,2
出来事,2
板垣,2
八,2
人気,2
石黒,2
猛,2
ツリー,2
オペラシティタワー,2
もみ,2
ガレリア,2
シティ,2
ピンホールシネマ,2
ラボ,2
歳,2
児,2
各,2
全員,2
メール,2
高度,2
成長,2
山陽,2
今,2
地名,2
氏,2
地域,2
水田,2
維持,2
民俗,2
民家,2
分析,2
全国,2
建築,2
歴史,2
ら,2
東日本,2
大震災,2
other,2
iPod,2
雅彦,2
カム,2
歯車,2
メカニズム,2
加工,2
昨今,2
議論,2
学科,2
完成,2
bit,2
共催,2
新宿,2
区立,2
角,2
筈,2
図書館,2
意見,2
進行,2
曽和,2
神戸芸術工科大学,2
動画,2
賛同,2
心臓,2
怪獣,2
基礎,2
プロフェッショナル,2
振動,2
アルバム,2
多岐,2
採集,2
探究,2
楽曲,2
想定,2
津波,2
被災,2
宮城,2
学校,2
調律,2
感知,2
提供,2
2022,2
一環,2
farmoon,2
インタビュー,2
01,2
03,2
回廊,2
器,2
教室,2
舞踊,2
学院,2
MBS,2
マリバレエスクール,2
AMM,2
生徒,2
詩,2
浮遊,1
視線,1
"／""""",1
Creating,1
Own,1
コンソーシウム,1
GASOLINE,1
MUSIC,1
CRUISING,1
YAMAGUCHI,1
初期,1
オケアノス,1
なし,1
ソラリス,1
中国,1
Touring,1
Collaboration,1
Animal,1
Live,1
パーフェクト,1
ロン,1
クワクボリョウタ,1
レイコ,1
ひかり,1
かん,1
じっけん,1
herering,1
"―／""",1
"―""@",1
ピンホールシネマ・ワークショップ,1
Report,1
メディア・コンシャス,1
イヴェントアーティスト・トーク,1
PROTOROOM,1
プロトルーム,1
インプット,1
アウトプット,1
フィルター,1
踊り,1
!!,1
Trial,1
discussion,1
ラーニング,1
Imagine,1
Express,1
Share,1
ワークショップ・オン・ワークショップ,1
all,1
ヒミツ,1
ショート,1
ムービー,1
!?,1
金箱,1
淳一,1
tectonics,1
installation,1
konbu,1
Pursuing,1
"""""@",1
フローティグアイ,1
空中,1
距離,1
一定,1
１,1
範囲,1
役割,1
魚眼レンズ,1
ドーム,1
特性,1
CAVE,1
シームレス,1
球形,1
歪み,1
最小,1
無線,1
角度,1
一種,1
離脱,1
糸,1
姿勢,1
微妙,1
自己,1
惹起,1
八谷,1
ボディ,1
バランス,1
向上,1
ブラジル,1
格闘技,1
歌,1
格闘,1
相手,1
共通,1
僕,1
実演,1
服装,1
ジャージ,1
Ｔシャツ,1
カポエィラ・ヘジョナル・ジャパォン,1
）～,1
ハガキ,1
証,1
発送,1
自動的,1
サポート,1
恋人,1
ランプ,1
空想,1
ユーザー,1
彼女,1
一風,1
オシャレ,1
恋愛,1
出発,1
ユビキタス,1
普及,1
考察,1
アイライン,1
普通,1
願望,1
ささやか,1
ツール,1
場面,1
所作,1
情報処理,1
公共,1
マスコミュニケーション,1
ホーム,1
ビデオ,1
両極,1
通信,1
中間,1
セミ,1
活発,1
文房具,1
提示,1
あり方,1
公募,1
成果,1
物販,1
概要,1
手伝い,1
creationg,1
own,1
提案,1
...》．,1
生起,1
感受,1
1999,1
起点,1
ーー,1
リソース,1
解体,1
進化,1
ノン,1
脱,1
m,1
cm,1
アクリル,1
グリッド,1
両端,1
スピーカー,1
不,1
プロジェクター,1
連動,1
個別,1
動的,1
通過,1
融解,1
無意味,1
具象,1
抽象,1
狭間,1
カテゴリー,1
HD,1
制御,1
様相,1
呪縛,1
完璧,1
コントロール,1
確定,1
がち,1
ネス,1
例外,1
不可視,1
委嘱,1
反響,1
rsst,1
...,1
坂,1
健司,1
有限,1
会社,1
シネティクス,1
ヴィジュアル・プログラミング,1
真鍋,1
大度,1
古舘,1
サウンドシステム・アドヴァイス,1
博康,1
バラッド,1
マテリアル・エディティング,1
泊,1
博雅,1
機材,1
コーディネート,1
土屋,1
信,1
毛利,1
泰士,1
オフィス,1
インテンツィオ,1
アシスタント,1
尾崎,1
アドヴァイザー,1
浅田,1
彰,1
ディレクター,1
隆之,1
ヴィジュアル,1
大脇,1
理智,1
三原,1
一郎,1
キュレーター,1
クルー,1
レコーディング,1
エンジニア,1
フェルナンド・アポンテ,1
プロダクション,1
マネージメント,1
エヴァン・バルマー,1
Kab,1
America,1
Inc,1
.),1
リーガル・スーパーヴァイザー,1
スーザン,1
バトラー,1
Esq,1
.[,1
空,1
里香,1
桜子,1
シミュレーター,1
３,1
お金,1
支援,1
ルール,1
マップ,1
一番,1
山,1
競争,1
子供,1
高学年,1
大人,1
picsy,1
中嶋,1
謙,1
互,1
Community,1
Engine,1
完結,1
所属,1
70,1
auranoisazzzzz,1
('&},1
zz,1
*+!=,1
)$#'&,1
zzz,1
辻,1
哲郎,1
Breadboard,1
Band,1
柳澤,1
梨奈,1
stomachs,1
小野寺,1
唯,1
christophe,1
charles,1
推進,1
!」,1
付け,1
発動,1
ピックアップ,1
書籍,1
インタヴュー,1
]*,1
不可,1
岐阜,1
コミッティメンバー,1
小,1
町谷,1
圭,1
小柳,1
嗣,1
中村,1
崇之,1
廣田,1
ふみ,1
幸子,1
本質,1
生命,1
思想,1
博,1
東京大学,1
名誉,1
竹田,1
日経,1
BP,1
片井,1
修,1
京都大,1
三輪,1
敬之,1
工学科,1
永田,1
鎮也,1
大日本製薬,1
生体,1
主任,1
高野,1
金沢工業大学,1
開館,1
新進,1
前作,1
絶賛,1
界,1
主役,1
カ月,1
前日,1
ーニューヨーク・タイムズ,1
見どころ,1
エネルギッシュ,1
グルーブ,1
うえ,1
欲,1
テクニック,1
ムーブメント,1
爆発,1
恍惚,1
存分,1
It,1
probably,1
most,1
important,1
new,1
dance,1
Britain,1
millennium,1
鮮烈,1
Uprising,1
ジャンプ,1
カット,1
断続,1
スピーディ,1
暗黒,1
静寂,1
精密,1
一斉,1
混沌,1
繊細,1
獰猛,1
分散,1
緊張,1
弛緩,1
対立,1
併置,1
混乱,1
地平,1
薄紙,1
説明,1
攻撃,1
苦悩,1
矛盾,1
内的,1
魅惑,1
シュール,1
揺さぶり,1
Reality,1
feels,1
like,1
thin,1
paper,1
end,1
nearing,1
アイディア,1
独特,1
暗示,1
ライフ,1
オン・ザ・プラネット,1
--。,1
栽培,1
飼育,1
動植物,1
生存,1
本当,1
悪化,1
一途,1
多層,1
バイオスフィア,1
箱,1
オレンジ,1
稲穂,1
四隅,1
アトミック・サバイバー,1
製作,1
燃料,1
工場,1
取材,1
青森,1
ヶ所,1
一角,1
NASA,1
食べ物,1
滞在,1
なん,1
着想,1
主軸,1
トゥルク,1
融合,1
一つ,1
mmp,1
ミクストメディア・プロダクト,1
長島,1
確,1
レーベル,1
志,1
ごと,1
共存,1
混在,1
松田,1
正隆,1
能生,1
模索,1
高級,1
乗車,1
プレミアム,1
更,1
-----,1
音量,1
！<,1
運転,1
助手,1
掲載,1
93,1
濱,1
地,1
靖彦,1
中瀬,1
由,1
央,1
結成,1
各所,1
ジョン,1
ケージ,1
ローリーホーリーオーバーサーカス,1
水戸,1
テクノテラピー,1
公会堂,1
遠足,1
」(,1
99,1
西宮,1
客席,1
一体,1
親密,1
>＊「,1
こちら,1
Space,1
Lab,1
n,1
December,1
st,1
Sat,1
Sun,1
inside,1
prefecture,1
Member,1
Yasuhiko,1
HAMACHI,1
1970,1
Yukihisa,1
NAKASE,1
1971,1
Activities,1
date,1
extract,1
performed,1
250,1
500,1
-',1
.)<,1
2000,1
Los,1
Angels,1
U,1
S,1
Artists,1
Residence,1
Santa,1
Monica,1
California,1
42,1
.)</,1
Group,1
Exhibitions,1
Events,1
Rolywholyover,1
Circus,1
Tower,1
Mito,1
Ibaraki,1
Join,1
me,1
Spiral,1
Tenjin,1
Photosynthesis,1
picnic,1
96,1
Fukuoka,1
SOUND,1
SUMMIT,1
Nihon,1
Syowa,1
Ongaku,1
mura,1
Gifu,1
FUKUI,1
FACTS,1
Japanese,1
Hayward,1
UK,1
From,1
Sea,1
Trees,1
ASHIYA,1
HISTORY,1
Ashiya,1
stay,1
HOTEL,1
T,1
POINT,1
Metropolitan,1
Korea,1
under,1
construction,1
Dimensions,1
Asian,1
Forum,1
Opera,1
Other,1
exhibitions,1
Techno,1
Therapy,1
Central,1
Public,1
Hall,1
Honors,1
awards,1
KIRIN,1
CONTEMPORARY,1
Special,1
second,1
TOKYO,1
TRASH,1
Sawaragi,1
japanese,1
012007,1
16132007,1
08,1
52,1
119973,1
~,1
駐車,1
側,1
入り口,1
横,1
ドライブヘ,1
休み,1
夜間,1
程度,1
本人,1
幹線,1
道路,1
ショッピング,1
商店,1
明かり,1
夜景,1
丘,1
身の回り,1
夜,1
おすすめ,1
アピール,1
あなた,1
作成,1
皆様,1
下見,1
同行,1
連絡,1
*「,1
赤松,1
正行,1
コントローラ,1
過去,1
別,1
その他,1
経過,1
推移,1
一目,1
／<!--,1
スケール,1
旅行,1
棒状,1
コントローラー,1
地表,1
内側,1
探査,1
CG,1
大海,1
波間,1
諸,1
実体,1
羅列,1
ダウンロード,1
サーフィン,1
サーフ,1
ボード,1
アクセス,1
ドリフト,1
さま,1
論説,1
主観,1
手元,1
自転,1
床,1
面,1
天空,1
ダイナミック,1
火曜,1
休館,1
料金,1
プロファイル,1
1982,1
島根,1
生まれ,1
美術,1
修了,1
文化庁,1
優秀,1
賞,1
受賞,1
Re,1
search,1
せんだい,1
メディアテーク,1
仙台,1
ミラノサローネ,1
イタリア,1
>「,1
主義,1
ポスト,1
リテラシー,1
予感,1
とき,1
基準,1
法人,1
blue,1
exhitbition,1
May,1
Wed,1
Thu,1
Note,1
Closed,1
Tuesdays,1
Admission,1
Free,1
An,1
ocean,1
graphics,1
extends,1
screen,1
front,1
us,1
Great,1
surge,1
there,1
moving,1
push,1
way,1
through,1
these,1
link,1
emerges,1
following,1
specified,1
conditions,1
Then,1
surging,1
again,1
These,1
originally,1
inspected,1
contents,1
downloaded,1
enumeration,1
numerical,1
unsubstantial,1
tracing,1
links,1
instance,1
look,1
websites,1
surfing,1
surfboard,1
lost,1
unable,1
freely,1
sea,1
Here,1
access,1
you,1
drifting,1
Is,1
going,1
turning,1
refers,1
subject,1
argued,1
relationship,1
ancient,1
As,1
matter,1
fact,1
everyone,1
knows,1
it,1
scientifically,1
what,1
switching,1
personal,1
subjective,1
deals,1
conversion,1
viewpoint,1
hand,1
interface,1
installed,1
rotation,1
operated,1
hub,1
universe,1
replaced,1
According,1
their,1
changes,1
sky,1
projected,1
floor,1
change,1
dynamically,1
ARTIST,1
PROFILE,1
came,1
after,1
graduation,1
high,1
school,1
And,1
he,1
join,1
laboratory,1
Information,1
Department,1
His,1
not,1
Interactive,1
expressions,1
programming,1
also,1
V,1
J,1
movie,1
tries,1
his,1
expression,1
free,1
Concept,1
chooses,1
best,1
realized,1
itself,1
thinks,1
one,1
must,1
every,1
properly,1
depending,1
concept,1
graduated,1
master,1
course,1
exhibition,1
>：<,1
Power,1
Expression,1
JAPAN,1
NATIONAL,1
CENTER,1
Roppongi,1
AUTAMATICA,1
BankART,1
NYK,1
Yokohama,1
LEXUS,1
savona,1
35,1
Milano,1
IT,1
）</,1
What,1
?</,1
programs,1
futuristic,1
approach,1
would,1
culture,1
literacy,1
post,1
age,1
interpreting,1
expressionism,1
Those,1
come,1
diversity,1
relationships,1
users,1
projects,1
produced,1
promising,1
young,1
technology,1
flexibly,1
introduced,1
successively,1
displayed,1
when,1
looking,1
instrument,1
Organized,1
Cultural,1
Promotion,1
092007,1
07,1
12102007,1
361819,1
scenting,1
device,1
達,1
日頃,1
太古,1
昔,1
危険,1
察知,1
トリガー,1
定着,1
不安定,1
源,1
気流,1
温度,1
湿度,1
要因,1
嗅覚,1
麻痺,1
微小,1
種,1
ん,1
試み,1
調,1
師,1
膨大,1
ヴィジュアルイメージ,1
音階,1
発明,1
hana,1
受容,1
鼻,1
単語,1
二つ,1
液体,1
瓶,1
先,1
事,1
リアルタイムセンシング,1
化学,1
製品,1
定量,1
レンジ,1
強度,1
段階,1
毎,1
転送,1
fps,1
CHI,1
Computer,1
パラダイム,1
今後,1
提出,1
ナビゲーター,1
一連,1
多面,1
重層,1
あらわ,1
見方,1
つまり,1
昨年度,1
拡充,1
貴重,1
1950,1
シネフィル,1
反発,1
台詞,1
史,1
唯一,1
パリ,1
奮闘,1
ドキュメンタリー,1
入門,1
書,1
パンフレット,1
編集,1
樋口,1
泰,1
UNE,1
HISTOIRE,1
EAU,1
1958,1
カロリーヌ,1
ディム,1
クロード,1
ブリアリ,1
アラン,1
レネ,1
傑作,1
選,1
Ocean,1
大洋,1
語源,1
海神,1
外洋,1
神格,1
円盤,1
大陸,1
オーケアノス,1
Wikipedia,1
目印,1
釣り,1
船舶,1
停泊,1
大型,1
建造,1
物,1
漂流,1
連想,1
投光器,1
構想,1
端的,1
Buoy,1
手軽,1
便利,1
我々,1
点在,1
センシング,1
動作,1
開放,1
放出,1
遣り取り,1
品,1
ソフトウェア,1
オンライン,1
入手,1
実行,1
困難,1
特異,1
認知,1
因習,1
気,1
感性,1
行動,1
魅了,1
接触,1
内燃,1
機関,1
直接的,1
享受,1
機器,1
利点,1
規模,1
akamatsu,1
aka,1
okeanos,1
buoys,1
鄭,1
州,1
しま,1
——,1
龍,1
慶,1
典,1
広場,1
イソザキ・アオキ,1
アンド,1
アソシエイツ,1
高山,1
明,1
コメント,1
黒瀬,1
陽平,1
松井,1
部,1
聖地,1
捏造,1
テーマパーク,1
谷行,1
福嶋,1
亮,1
150,1
バツ,1
マル,1
eXtra,1
Ordinary,1
産業,1
下支え,1
循環,1
資源,1
切り口,1
/)##,1
/),1
検索,1
読書,1
懇親,1
50,1
大原湖,1
阿東,1
食材,1
農家,1
調理,1
ランチ,1
漁港,1
漁師,1
飯,1
フェリー,1
Taisho,1
リバービレッジ,1
区,1
川,1
フィールドワーク,1
鶴,1
浜,1
岸壁,1
<!--※,1
児童,1
込み,1
クルーズ,1
／<,1
サン,1
部門,1
選出,1
待望,1
トンボ,1
ユスリカ,1
フクロウ,1
カエル,1
英国,1
地方,1
グリスデール,1
作者,1
MLF,1
レーザー,1
スキャナー,1
スキャン,1
サラウンド,1
音声,1
バイブレーション,1
臨場,1
周辺,1
肌触り,1
同時,1
ワークショプ,1
博物館,1
担当,1
理学,1
博士,1
田中,1
浩,1
バイオテクノロジー,1
バイオ,1
リサーチ,1
採取,1
解析,1
reality,1
creative,1
studio,1
Stepping,1
gallery,1
Inunaki,1
Waterfall,1
Niho,1
Since,1
premiere,1
has,1
been,1
shown,1
venues,1
throughout,1
including,1
selected,1
Sundance,1
premier,1
internationally,1
renowned,1
Audiences,1
wear,1
special,1
while,1
surrounded,1
if,1
they,1
had,1
animal,1
–,1
animals,1
dragonflies,1
chironomids,1
owls,1
frogs,1
different,1
visual,1
perception,1
ours,1
Lake,1
District,1
first,1
captured,1
laser,1
scanner,1
scan,1
drone,1
virtually,1
reconstructed,1
landscape,1
Wearing,1
immersed,1
audio,1
vibration,1
audiences,1
overwhelming,1
audience,1
members,1
smell,1
soil,1
sense,1
wind,1
amplify,1
.###,1
Related,1
Event,1
workshop,1
aims,1
explore,1
where,1
With,1
support,1
team,1
exploring,1
possibilities,1
biotechnology,1
collect,1
living,1
samples,1
observe,1
them,1
conduct,1
analysis,1
order,1
realize,1
richness,1
AnimalConcept,1
Barnaby,1
Steel,1
Robin,1
McNicholas,1
Executive,1
Eleanor,1
Whitley,1
Creative,1
Han,1
Visual,1
Artist,1
Natan,1
Sinigaglia,1
Antoine,1
Bertin,1
SounDoesnTravel,1
Production,1
Marc,1
Winklhofer,1
Abraham,1
Manzanares,1
Assistant,1
Annatruus,1
Bakker,1
Ben,1
Larthe,1
Technical,1
Coordinator,1
Cristina,1
Tarquini,1
Commissioned,1
Supported,1
using,1
public,1
funding,1
Council,1
ゲネプロ,1
脳,1
植村,1
朋弘,1
らん,1
優香,1
キッド,1
赤,1
青,1
アニメ,1
キャラクター,1
聴講,1
入れ子,1
コア,1
メタ,1
ファシリテーター,1
専用,1
ページ,1
ntticc,1
発売,1
晩,1
終演,1
再現,1
キャリア,1
不在,1
版,1
回数,1
箇所,1
あいだ,1
届け,1
Sachiko,1
M,1
大友,1
良英,1
聞き手,1
畠中,1
実,1
開場,1
整理,1
番号,1
e,1
イープラス,1
開演,1
分間,1
途中,1
お断り,1
了承,1
はじめ,1
Page,1
403,1
Forbidden,1
経緯,1
リアリティ,1
移行,1
房,1
輔,1
赤岩,1
やえ,1
栗田,1
洋介,1
谷口,1
暁,1
彦,1
萩原,1
俊,1
中継,1
ライヴ・ペインティング,1
qp,1
アニュウリズム,1
蚊,1
健一郎,1
ステージ,1
パスポート,1
カード,1
寺田,1
尚樹,1
倍,1
つもり,1
表情,1
2011,1
４,1
See,1
ears,1
粒,1
音源,1
神秘,1
アーキテクチャ,1
スマート,1
時空,1
構築,1
イマジナリー,1
ヴァーチュアル・リアリティ,1
Museevala,1
沖縄,1
竹富,1
島,1
御嶽,1
収録,1
20177,1
見え,1
色相,1
環,1
彩,1
明度,1
聴,1
1900,1
初頭,1
ラングフェルト,1
対照,1
オーディオ,1
ヴィジュアル・インスタレーション,1
文字,1
数字,1
味,1
無限,1
コンビネーション,1
レイヤー,1
テクスチャー,1
検証,1
比較,1
ビューティフル・サンデイ,1
ペーパーマリッジ,1
今度,1
愛妻,1
コンビ,1
大河ドラマ,1
新撰,1
山南,1
敬,1
助役,1
堺,1
雅人,1
大奥,1
連,1
ドラ,1
星野,1
真理,1
朝,1
連続,1
っ子,1
双子,1
姉,1
役,1
菊池,1
麻衣子,1
世間,1
鬼,1
おなじみ,1
出身,1
実力,1
派,1
前田,1
吟,1
ウォーターボーイズ,1
急上昇,1
脚本,1
まゆみ,1
三谷,1
幸喜,1
定評,1
恭一,1
ぎばなしを,1
役者,1
陣,1
装飾,1
気温,1
敏感,1
行き来,1
様子,1
雰囲気,1
幸せ,1
気持ち,1
アトリウム,1
紀伊國屋書店,1
Somatic,1
バルーン,1
電,1
飾,1
Lighting,1
Costume,1
蓄光,1
衣装,1
緩やか,1
重力,1
幻想,1
IPA,1
Ishiguro,1
Performing,1
ピンホールカメラ,1
帽子,1
太陽光,1
持ち帰り,1
冷水,1
久,1
仁江,1
岡田,1
憲一,1
税込,1
材料,1
締め切り,1
翌日,1
Fax,1
休止,1
受信,1
注意,1
／###,1
戦後,1
期,1
新幹線,1
開通,1
痕跡,1
石器,1
出土,1
原始,1
形跡,1
郷,1
平安,1
貨幣,1
役所,1
ゅせんし,1
中世,1
大内,1
街道,1
内外,1
幾多,1
動乱,1
702,1
創建,1
熊野,1
神社,1
近世,1
家屋,1
様式,1
住居,1
古来,1
土地,1
住民,1
方々,1
実測,1
地勢,1
水系,1
地形,1
模型,1
肉付け,1
発見,1
存続,1
収集,1
顕彰,1
プラットフォーム,1
始動,1
史学,1
造園,1
景観,1
地理,1
ウェブデザイン,1
実務,1
礼,1
仁,1
千葉大学,1
木下,1
剛,1
京都工芸繊維大学,1
重,1
敦,1
決起,1
年度,1
本格,1
組織,1
Millennium,1
Village,1
was,1
launched,1
aim,1
investigate,1
architectural,1
ethnological,1
viewpoints,1
settlements,1
existed,1
more,1
years,1
Results,1
carried,1
collaboration,1
February,1
exhibited,1
recordings,1
models,1
forms,1
Pod,1
コマ,1
からだ,1
反応,1
徳井,1
齋藤,1
達也,1
井高,1
持参,1
簡単,1
造形,1
あと,1
カッターナイフ,1
スチレンボード,1
不規則,1
板,1
確実,1
歯,1
伝達,1
節,1
ピン,1
連結,1
明治,1
1912,1
刊行,1
淺川,1
権八,1
著,1
知恵,1
名著,1
編,1
事典,1
理工,1
1983,1
桐山,1
孝司,1
フェイズ,1
使い勝手,1
橋渡し,1
傾向,1
使い方,1
思考,1
法,1
収斂,1
甲南女子大学,1
文学部,1
総合,1
理学部,1
サイエンス,1
sensuous,1
transforming,1
|,1
signal,1
Ver,1
回路,1
合計,1
64,1
）—＊,1
春,1
披露,1
巡回,1
審査,1
福岡,1
新聞,1
意欲,1
梁木,1
靖弘,1
誌,1
執筆,1
トヨタ・コレオグラフィー・アワード,1
武藤,1
祐,1
JCDN,1
佐東,1
範一,1
立子,1
皆さん,1
飲み物,1
軽食,1
大西,1
景子,1
ラーニング・デザイナー,1
モデル,1
知,1
ダイアローグ,1
元,1
可,1
万,1
拍,1
ふだん,1
外在,1
不確か,1
匿名,1
固有,1
像,1
変動,1
問い合わせ,1
高橋,1
裕行,1
原則,1
毎週,1
日曜日,1
ゴジラ,1
ポジラ,1
日本人,1
ゴ,1
ギ,1
濁音,1
しっくり,1
触覚,1
名刺,1
心理,1
学会,1
パッケージ,1
大崎,1
章弘,1
淳司,1
魚,1
たくさん,1
身近,1
世の中,1
触感,1
柴,1
﨑,1
美奈,1
山本,1
大介,1
慶應義塾,1
お子さん,1
親子,1
推奨,1
のち,1
透明,1
樹脂,1
レジン,1
いつ,1
イヤーマフ,1
懐中,1
電灯,1
擬音,1
語,1
トントン,1
パシパシ,1
サー,1
内定,1
会期,1
Out,1
Noise,1
多忙,1
内省,1
集中,1
非同期,1
意,1
ノイズ,1
非,1
楽音,1
再編,1
事実,1
ソロ,1
フォーマット,1
関心,1
自在,1
好き,1
スタート,1
いろいろ,1
ペダル,1
金属,1
朗読,1
ひとつひとつ,1
駆動,1
ゆえ,1
シリアス,1
ワタリウム,1
アンビエント,1
番目,1
名取,1
農業,1
高等,1
鉄,1
象徴,1
当初,1
死,1
海水,1
修復,1
不能,1
鍵盤,1
地震,1
鳴動,1
転生,1
toiret,1
status,1
在住,1
ビート,1
メーカー,1
館内,1
中庭,1
消化,1
排泄,1
洗浄,1
縦横無尽,1
オルタナティブ,1
トピック,1
集,1
####,1
フード,1
papersky,1
instagram,1
kyoto,1
/)（,1
Instagram,1
）####,1
SOUQ,1
ZINE,1
連載,1
/)####,1
NARA,1
FOOD,1
CARAVAN,1
nara,1
foodcaravan,1
hijisai,1
blog,1
jimukyoku,1
dayori,1
9343,1
サステナビリティ,1
レストラン,1
nichibei,1
博覧,1
525955106,1
積水,1
casabrutus,1
posts,1
214232,1
耀子,1
マリ,1
宇部,1
北嶋,1
宏子,1
岩国,1
団体,1
本間,1
祥,1
公,1
アレッシオ・シルヴェストリン,1
若林,1
駱駝,1
艦,1
43,1
レパートリー,1
80,1
クラシック,1
モダン,1
ジャズ,1
舞踏,1
コンテンポラリー,1
積極,1
ぐち,1
アートコミュニケータープログラム,1
架空,1
アルスコーレ,1
自主,1
だれ,1
互い,1
